Page,Edits,Editors,Views
"Умєров Рустем Енверович",54,34,127352
"Ukr.net",2,1,97183
"Україна",8,6,94568
"Кадиров Рамзан Ахматович",15,8,86347
"Нагірний Карабах",32,12,79264
"YouTube",1,1,76403
"Олекса Довбуш",14,6,71744
"Перша світова війна",3,2,71178
"Українська абетка",0,0,68208
"Десять заповідей",0,0,64720
"Довбуш (фільм)",20,14,61534
"OLX",0,0,56462
"Змієносець (знак зодіаку)",4,3,53539
"DeepStateMapLive",14,6,52753
"Карабаський конфлікт",26,17,51438
"День захисників і захисниць України",4,3,50865
"Гімн України",3,2,50673
"Facebook",3,3,49635
"Воздвиження Хреста Господнього",6,4,49018
"Нечуй-Левицький Іван Семенович",3,2,48746
"Російське вторгнення в Україну (з 2022)",64,14,48374
"Військові звання України",1,1,47442
"3-тя окрема штурмова бригада (Україна)",19,15,47050
"Буданов Кирило Олексійович",20,10,43913
"Українські січові стрільці",4,3,43353
"Збройні сили України",4,3,40148
"14-та гренадерська дивізія Ваффен-СС «Галичина»",4,3,39607
"Telegram",14,6,39382
"Карлес Пучдемон",0,0,39318
"Вишки Бойка",32,17,37934
"Кайдашева сім'я",0,0,37808
"Київ",25,8,37430
"Національна суспільна телерадіокомпанія України",9,5,37396
"Київська Русь",2,2,36300
"Просвітництво",1,1,35328
"Білокур Катерина Василівна",13,7,35002
"Українська мова",2,2,34920
"Радіо «Свобода»",0,0,34462
"Трипільська культура",0,0,34360
"Рівні організації живої матерії",4,4,34188
"Соколов Віктор Миколайович (адмірал)",64,36,34150
"Французька революція",2,1,34100
"Секс",1,1,33096
"Друга світова війна",8,4,33054
"Перехід церковних громад до ПЦУ",25,10,32677
"Біблія",7,5,32422
"Клименко Іван Петрович",21,4,32203
"Кузьма Скрябін",3,1,31921
"Франко Іван Якович",4,2,31575
"Приват24",0,0,31329
"Залужний Валерій Федорович",6,4,31287
"Маляр Ганна Василівна",16,13,31099
"Іскандер (ОТРК)",2,2,30882
"Хасидизм",2,2,30876
"Знаки зодіаку",0,0,30680
"Резніков Олексій Юрійович",58,14,29605
"Нагірно-Карабаська Республіка",46,26,29180
"Шевченко Тарас Григорович",12,4,28701
"ATACMS",2,2,28682
"Зеленський Володимир Олександрович",7,5,28619
"Instagram",2,2,28607
"Рош га-Шана",15,8,28475
"Леся Українка",2,2,28214
"Список українських жіночих імен",4,3,27767
"Тканина (біологія)",2,2,27312
"Географія",1,1,27097
"Львів",7,4,26681
"47-ма окрема механізована бригада (Україна)",3,2,26502
"Онікс (протикорабельна ракета)",3,3,26229
"Азербайджан",7,5,26187
"Маруся Чурай",0,0,25982
"Періодична система хімічних елементів",2,2,25741
"Європейський Союз",1,1,25533
"Військове звання",1,1,25517
"Meta Platforms",0,0,25422
"Волинська трагедія",10,4,25347
"Територіальний центр комплектування та соціальної підтримки",12,5,25289
"ChatGPT",2,2,25203
"Велика Британія",4,3,25044
"Юліанський календар",4,2,24871
"Польща",9,5,24736
"Організація Об'єднаних Націй",10,8,24423
"Список 250 найрейтинговіших фільмів IMDb",0,0,24324
"Шуфрич Нестор Іванович",9,5,24300
"НАТО",0,0,24285
"Умань",8,4,23914
"Англійська мова",3,3,23647
"Хронологія Першої світової війни",1,1,23611
"Нахман із Брацлава",1,1,23537
"Міф",5,4,23528
"Німеччина",12,9,23490
"Панас Мирний",1,1,23479
"Наполеон",21,11,23468
"Терористичний акт 11 вересня 2001 року",7,5,23323
"Ян Табачник",24,12,23305
"Сполучені Штати Америки",1,1,23262
"Путін Володимир Володимирович",9,5,23177
"Джонатан Свіфт",1,1,23163
"Вірменія",13,3,22933
"Природничі науки",2,1,22849
"Список українських чоловічих імен",?,?,22619
"Богдан Хмельницький",?,?,22567
"Shahed 136",?,?,22508
"Росія",?,?,22362
"Гунька Ярослав",?,?,22345
"Займенник",?,?,22174
"Історія України",?,?,21995
"Бандера Степан Андрійович",?,?,21976
"Десантно-штурмові війська України",?,?,21948
"Відзнаки Головнокомандувача Збройних сил України",?,?,21874
"Йоганн Вольфганг фон Гете",?,?,21863
"Список померлих 2023 року",?,?,21778
"Мандри Гуллівера",?,?,21612
"Перше навколосвітнє плавання",?,?,21608
"Балада",?,?,21535
"Мавка. Лісова пісня",?,?,21388
"Гомер",?,?,21279
"Веди",?,?,21262
"Григоріанський календар",?,?,21259
"Parimatch",?,?,21194
"Люблінська унія",?,?,21162
"Коломойський Ігор Валерійович",?,?,21123
"Ой у лузі червона калина",?,?,20922
"Стрельников Сергій Олександрович",?,?,20872
"Розстріляне відродження",?,?,20832
"С-400",?,?,20797
"Україна в Першій світовій війні",?,?,20784
"Список битв та військових операцій Першої світової війни",?,?,20736
"Паломництво хасидів до Умані",?,?,20704
"Перелік громад, що змінили церковну юрисдикцію з УПЦ (МП) на ПЦУ (2023)",?,?,20541
"Географічна карта",?,?,20524
"Північна Корея",?,?,20440
"Середньовіччя",?,?,20223
"Михайлове чудо",?,?,20191
"Герб України",?,?,20022
"Держава",?,?,19995
"Російсько-українська війна (з 2014)",?,?,19917
"АТБ-Маркет",?,?,19902
"Нідерланди",?,?,19843
"Фернан Магеллан",?,?,19794
"Операція «Вісла»",?,?,19727
"Христофор Колумб",?,?,19718
"Сухопутні війська Збройних сил України",?,?,19716
"Прометей",?,?,19542
"Різдво Пресвятої Богородиці",?,?,19534
"День працівників освіти",?,?,19256
"Клітина",?,?,19207
"Нікотин",?,?,19169
"Візантійська імперія",?,?,19134
"Вибори Президента України 2024",?,?,19133
"Прапор України",?,?,19070
"Усик Олександр Олександрович",?,?,19027
"Доба великих географічних відкриттів",?,?,18979
"Іванчук Андрій Володимирович",?,?,18907
"Одеса",?,?,18826
"Кузьменко Ольга Михайлівна",?,?,18819
"Козловський Ігор Анатолійович",?,?,18799
"Список країн Європейського Союзу",?,?,18684
"Список країн за формою правління",?,?,18637
"Нова пошта",?,?,18489
"Список держав та залежних територій Європи",?,?,18458
"Пригожин Євген Вікторович",?,?,18385
"Області України",?,?,18366
"Cosmolot",?,?,18227
"Роксолана",?,?,18125
"Робін Гуд",?,?,18109
"Карл I Великий",?,?,18035
"Українська повстанська армія",?,?,17885
"Список українських народних пісень",?,?,17831
"Епітелій",?,?,17795
"Атом",?,?,17742
"Івано-Франківськ",?,?,17602
"Бригада НГУ «Азов»",?,?,17557
"М'язова тканина",?,?,17539
"Холодна війна",?,?,17530
"Біологія",?,?,17508
"Легка атлетика",?,?,17475
"Союз Радянських Соціалістичних Республік",?,?,17436
"Франкське королівство",?,?,17397
"Історичне джерело",?,?,17348
"Повітряні сили Збройних сил України",?,?,17296
"Галицько-Волинське князівство",?,?,17237
"Тичина Павло Григорович",?,?,17220
"Українська Народна Республіка",?,?,17114
"Мистецтво",?,?,17096
"Зодіак",?,?,17060
"Вернадський Володимир Іванович",?,?,17025
"Канада",?,?,16986
"Програмне забезпечення",?,?,16942
"Шевченко Андрій Миколайович",?,?,16940
"5-та окрема штурмова бригада (Україна)",?,?,16925
"Сполучна тканина",?,?,16917
"Франція",?,?,16908
"Порошенко Петро Олексійович",?,?,16873
"Грушевський Михайло Сергійович",?,?,16841
"Субкультура",?,?,16824
"Річ Посполита",?,?,16819
"Причини Першої світової війни",?,?,16793
"Союз визволення України",?,?,16775
"Лисиця звичайна",?,?,16762
"Есе",?,?,16728
"Дніпро (місто)",?,?,16716
"Ілон Маск",?,?,16710
"Кривий Ріг",?,?,16693
"Галицька битва",?,?,16690
"Функції мови",?,?,16569
"Операційна система",?,?,16550
"Покрова Пресвятої Богородиці",?,?,16487
"Геракл",?,?,16350
"Кіт свійський",?,?,16200
"Нервова тканина",?,?,16119
"Данілов Олексій Мячеславович",?,?,16086
"Війна на сході України",?,?,16079
"Список абревіатур і скорочень з військової справи",?,?,16063
"Олімпійські ігри",?,?,16052
"Сухопутна військова техніка України",?,?,16049
"Брусиловський прорив",?,?,16028
"Марко Вовчок",?,?,16007
"Список слов'янських богів",?,?,16005
"Головне управління розвідки Міністерства оборони України",?,?,15994
"Кропивницький",?,?,15871
"Ведмідь бурий",?,?,15865
"Прикметник",?,?,15865
"Білки",?,?,15825
"Storm Shadow",?,?,15807
"Прислівник",?,?,15793
"Вірус",?,?,15790
"Вовк",?,?,15769
"Римська імперія",?,?,15751
"Натуральне число",?,?,15730
"Військовозобов'язаний",?,?,15699
"Марокко",?,?,15668
"Українські прізвища",?,?,15660
"Список країн світу",?,?,15639
"Список країн Європи за площею",?,?,15602
"Індія",?,?,15529
"Фольклор",?,?,15492
"Список фізичних величин",?,?,15482
"Інформація",?,?,15477
"Сюрстремінг",?,?,15464
"Обрядові та обрядово-календарні пісні",?,?,15455
"День батька",?,?,15392
"Білецький Андрій Євгенійович",?,?,15339
"Лемюель Гулівер",?,?,15300
"Орден «За мужність»",?,?,15212
"Збірна України з футболу",?,?,15205
"Історія української мови",?,?,15200
"Харків",?,?,15172
"Ромашка лікарська",?,?,15148
"Список Героїв України",?,?,15119
"Ліцензія на програмне забезпечення",?,?,15116
"Коломийка",?,?,15087
"Опришки",?,?,15084
"Швейцарія",?,?,15061
"Сили спеціальних операцій Збройних сил України",?,?,15047
"Штучний інтелект",?,?,14937
"Військово-облікова спеціальність",?,?,14920
"Комп'ютер",?,?,14891
"Данте Аліг'єрі",?,?,14879
"Наєв Сергій Іванович",?,?,14867
"Одіссея",?,?,14817
"Іван Сірко",?,?,14788
"Михайль Семенко",?,?,14769
"Список хімічних елементів",?,?,14723
"Comfy",?,?,14708
"Heart of stone",?,?,14687
"Фразеологізм",?,?,14645
"Кліщіївка",?,?,14622
"Ізраїль",?,?,14611
"Адольф Гітлер",?,?,14600
"Материк",?,?,14568
"Хіба ревуть воли, як ясла повні?",?,?,14506
"Бахмут",?,?,14466
"Словосполучення",?,?,14464
"Володимир Святославич",?,?,14450
"Західний фронт (Перша світова війна)",?,?,14439
"95-та окрема десантно-штурмова бригада (Україна)",?,?,14411
"Список кодів МКХ-10",?,?,14407
"Список країн за ВВП (номінал)",?,?,14390
"Соціальна мережа",?,?,14279
"Українці",?,?,14277
"Карпачов Дмитро Вільямович",?,?,14270
"Кишковопорожнинні",?,?,14266
"Лептоспіроз",?,?,14261
"Список президентів України",?,?,14200
"Антанта",?,?,14187
"Список країн за індексом людського розвитку",?,?,14163
"Костянтинівка",?,?,14162
"Нептун (крилата ракета)",?,?,14132
"Національна поліція України",?,?,14052
"Сексуальна освіта (серіал, 2019)",?,?,14040
"Італія",?,?,14036
"82-га окрема десантно-штурмова бригада (Україна)",?,?,14030
"Тимчасово окуповані території України",?,?,14024
"Пін-ап",?,?,14016
"Головна українська рада",?,?,13970
"Голодомор в Україні (1932—1933)",?,?,13955
"Слов'яни",?,?,13904
"YAKTAK",?,?,13830
"С-300",?,?,13827
"Історія",?,?,13819
"Кам'янець-Подільський",?,?,13760
"Амброзія (рослина)",?,?,13746
"Pinterest",?,?,13728
"Таблиця математичних символів",?,?,13717
"Легіонельоз",?,?,13696
"Калібр (ракета)",?,?,13670
"Населення України",?,?,13649
"Реєстраційний номер облікової картки платника податків",?,?,13631
"Парламентські вибори в Польщі 2023",?,?,13625
"Софійський собор (Київ)",?,?,13575
"Інформаційна система",?,?,13542
"Адаптація",?,?,13498
"Кріштіану Роналду",?,?,13494
"Українські народні пісні",?,?,13420
"Океан",?,?,13403
"Код ЄДРПОУ",?,?,13374
"Герой України",?,?,13373
"Відродження",?,?,13362
"68-ма окрема єгерська бригада (Україна)",?,?,13361
"Національна гвардія України",?,?,13360
"Норвегія",?,?,13359
"Юрик (фільм)",?,?,13359
"Ланцет (баражуючий боєприпас)",?,?,13347
"Велике князівство Литовське",?,?,13330
"Органела",?,?,13322
"Тварини",?,?,13320
"Васко да Гама",?,?,13294
"ПриватБанк",?,?,13254
"Інформаційні технології",?,?,13250
"Костенко Ліна Василівна",?,?,13246
"Жінки в Першій світовій війні",?,?,13222
"Румунія",?,?,13221
"Конституція України",?,?,13207
"Вінниця",?,?,13146
"Синонім",?,?,13106
"Чорноморський флот ВМФ Росії",?,?,13103
"Ярослав Мудрий",?,?,13075
"Єрмак Андрій Борисович",?,?,13068
"Генерал-лейтенант",?,?,13064
"14/88",?,?,13031
"Структура Збройних сил України",?,?,13027
"72-га окрема мотострілецька бригада (РФ)",?,?,13009
"Верденська битва",?,?,12983
"Російська імперія",?,?,12981
"Віра, Надія, Любов та матір їх Софія",?,?,12938
"Українська Радянська Соціалістична Республіка",?,?,12902
"Втрати силових структур внаслідок російського вторгнення в Україну",?,?,12889
"Варварські королівства",?,?,12877
"21 вересня",?,?,12819
"ASCII",?,?,12771
"Земля",?,?,12751
"Нарукавні знаки Збройних сил України",?,?,12746
"Селім II",?,?,12718
"Хлодвіг",?,?,12682
"Таблиця дільників",?,?,12671
"Японія",?,?,12647
"Троїстий союз",?,?,12637
"Філософія",?,?,12617
"Наслідки Першої світової війни",?,?,12604
"Дніпро",?,?,12578
"Хрещення Русі",?,?,12572
"Ліонель Мессі",?,?,12535
"Відкриття Америки Колумбом",?,?,12500
"1 жовтня",?,?,12499
"Google",?,?,12459
"Верховна Рада України",?,?,12459
"Ан-225 «Мрія»",?,?,12457
"Націонал-соціалізм",?,?,12450
"Ужгород",?,?,12446
"Людина",?,?,12409
"Українські соціально-побутові пісні",?,?,12396
"Орден «За заслуги» (Україна)",?,?,12374
"Ольга (княгиня)",?,?,12354
"Карпати",?,?,12352
"Бригада (військова справа)",?,?,12343
"Австралія",?,?,12337
"Картографічна проєкція",?,?,12309
"Майкл Гембон",?,?,12287
"Іспанія",?,?,12282
"Піраміда потреб Абрагама Маслоу",?,?,12259
"Мі-8",?,?,12248
"Римська система числення",?,?,12242
"Арахамія Давид Георгійович",?,?,12235
"93-тя окрема механізована бригада «Холодний Яр»",?,?,12225
"Бабин Яр",?,?,12198
"Скіфи",?,?,12196
"Міста України (список)",?,?,12172
"Модерн (мистецтво)",?,?,12165
"Терези (знак зодіаку)",?,?,12138
"Культура",?,?,12132
"Сирський Олександр Станіславович",?,?,12122
"Святослав Ігорович",?,?,12108
"Інформаційна безпека",?,?,12102
"Екологія",?,?,12077
"Гетьманщина",?,?,12072
"Кирило-Мефодіївське товариство",?,?,12063
"Ґ",?,?,12043
"80-та окрема десантно-штурмова бригада (Україна)",?,?,12012
"Комп'ютерний вірус",?,?,12005
"72-га окрема механізована бригада (Україна)",?,?,11991
"Первісна культура",?,?,11971
"Демократія",?,?,11968
"Балістична ракета",?,?,11961
"МіГ-29",?,?,11959
"Австрія",?,?,11938
"Козаки",?,?,11936
"Гривня",?,?,11918
"МіГ-31",?,?,11912
"Південна Корея",?,?,11886
"Президентські вибори у США 2024",?,?,11849
"One Piece",?,?,11841
"Чернівці",?,?,11828
"Головний військовий клінічний госпіталь імені М. Н. Бурденка",?,?,11821
"Сулейман I",?,?,11815
"Барбі (фільм)",?,?,11804
"112-та окрема бригада територіальної оборони (Україна)",?,?,11791
"Надзвичайна ситуація",?,?,11789
"Список країн за площею",?,?,11743
"Prom.ua",?,?,11742
"Тризуб",?,?,11728
"77-ма окрема аеромобільна бригада (Україна)",?,?,11721
"Сталін Йосип Віссаріонович",?,?,11705
"Говерла",?,?,11685
"Ліпіди",?,?,11682
"Міжнародний день миру",?,?,11642
"Хмельницький",?,?,11632
"Сільпо (торговельна мережа)",?,?,11630
"General Dynamics F-16 Fighting Falcon",?,?,11616
"Вода",?,?,11615
"Ліга чемпіонів УЄФА",?,?,11598
"Арестович Олексій Миколайович",?,?,11598
"Коцюбайло Дмитро Іванович",?,?,11566
"Мая (цивілізація)",?,?,11565
"Міжнародна система одиниць (SI)",?,?,11554
"AUTO.RIA",?,?,11554
"Бельгія",?,?,11545
"Олег Віщий",?,?,11525
"Словаччина",?,?,11490
"Вуглеводи",?,?,11455
"Сонячна система",?,?,11453
"Стус Василь Семенович",?,?,11453
"Червінський Роман Григорович",?,?,11434
"Нервова система",?,?,11410
"Методи біологічних досліджень",?,?,11407
"Фізика",?,?,11399
"Російське вторгнення в Україну (2022)",?,?,11380
"Велике переселення народів",?,?,11375
"Прислів'я",?,?,11339
"Молдова",?,?,11334
"Коран",?,?,11331
"Античність",?,?,11313
"Однорідні члени речення",?,?,11308
"Економіка України",?,?,11296
"Періодизація історії",?,?,11289
"Пес свійський",?,?,11286
"Орден Богдана Хмельницького (Україна)",?,?,11266
"Угорщина",?,?,11264
"Асока (серіал)",?,?,11230
"Б-237 «Ростов-на-Дону»",?,?,11215
"Берестейська унія",?,?,11176
"Пивоваров Артем Володимирович",?,?,11172
"Албанія",?,?,11157
"Величне століття. Роксолана",?,?,11115
"Маріуполь",?,?,11098
"Ранній новий період",?,?,11045
"Рудницький Степан Львович",?,?,11044
"Нікітюк Леся Іванівна",?,?,11040
"Кім Чен Ин",?,?,11026
"Google Classroom",?,?,11019
"Індіана Джонс і реліквія долі",?,?,11018
"Ісус Христос",?,?,11005
"Топографічна карта",?,?,10985
"Тіна Кароль",?,?,10965
"Категорії придатності до військової служби",?,?,10957
"Юдаїзм",?,?,10955
"Європа",?,?,10939
"Східні слов'яни",?,?,10915
"S",?,?,10901
"Хімія",?,?,10885
"Stray Kids",?,?,10883
"Пулюй Іван Павлович",?,?,10863
"Шухевич Роман Осипович",?,?,10861
"Ферменти",?,?,10859
"Ірландія",?,?,10857
"Молитва українського націоналіста",?,?,10828
"Люксембург",?,?,10797
"Список країн за населенням",?,?,10762
"Gmail",?,?,10755
"Міністр оборони України",?,?,10737
"Російська мова",?,?,10705
"Давньогрецька міфологія",?,?,10686
"Тарнавський Олександр Георгійович",?,?,10677
"Об'єднана штурмова бригада Нацполіції «Лють»",?,?,10668
"Федів Юлія Олександрівна",?,?,10663
"Привиди у Венеції",?,?,10663
"Геродот",?,?,10659
"Синдром порушення активності та уваги",?,?,10652
"Данія",?,?,10652
"Правила вживання апострофа в українській мові",?,?,10637
"Тернопіль",?,?,10621
"Сікорський Ігор Іванович",?,?,10620
"Оппенгеймер (фільм)",?,?,10604
"Рильський Максим Тадейович",?,?,10603
"Механізовані війська України",?,?,10595
"Данило Галицький",?,?,10593
"Литовські Статути",?,?,10558
"Прапори Європи",?,?,10545
"Нафтогаз України",?,?,10530
"Спіймати Кайдаша",?,?,10526
"Магдебурзьке право",?,?,10515
"Петлюра Симон Васильович",?,?,10509
"Османська імперія",?,?,10506
"Київстар",?,?,10500
"Туреччина",?,?,10490
"Динамо (Київ)",?,?,10488
"Закарпатська область",?,?,10479
"Альберт Ейнштейн",?,?,10359
"Економіка",?,?,10356
"Скоропадський Павло Петрович",?,?,10350
"Світан Роман Григорович",?,?,10344
"46-та окрема аеромобільна бригада (Україна)",?,?,10343
"Кам'яна доба",?,?,10342
"Чорновіл В'ячеслав Максимович",?,?,10341
"Служба безпеки України",?,?,10338
"Енеїда (Котляревський)",?,?,10334
"Ацтеки",?,?,10301
"МастерШеф (Україна)",?,?,10290
"Янукович Віктор Федорович",?,?,10275
"Східний фронт (Перша світова війна)",?,?,10256
"Паралелограм",?,?,10251
"Етнографічні групи українців",?,?,10248
"Втрати силових структур внаслідок російського вторгнення в Україну (вересень 2023)",?,?,10238
"Епітет",?,?,10216
"Жадан Сергій Вікторович",?,?,10211
"Свята і пам'ятні дні в Україні",?,?,10204
"Мавка",?,?,10192
"Президент України",?,?,10187
"Укрінформ",?,?,10185
"Китайська Народна Республіка",?,?,10177
"Кличко Віталій Володимирович",?,?,10168
"Втрати силових структур внаслідок російського вторгнення в Україну (серпень 2023)",?,?,10165
"59-та окрема мотопіхотна бригада (Україна)",?,?,10152
"Дунай",?,?,10152
"Державна служба України з надзвичайних ситуацій",?,?,10139
"Батьківщина-Мати (Київ)",?,?,10123
"Гідра (рід)",?,?,10123
"Галичина",?,?,10116
"Запоріжжя",?,?,10092
"Пекло (Божественна комедія)",?,?,10091
"Леонардо да Вінчі",?,?,10090
"71-ша окрема єгерська бригада (Україна)",?,?,10069
"Обертання Землі",?,?,10065
"Субрегіони Європи (ООН)",?,?,10064
"Луцьк",?,?,10037
"Кременчук",?,?,10011
"Кириленко Павло Олександрович",?,?,9989
"Давньогрецькі боги",?,?,9966
"8 вересня",?,?,9960
"Черкаси",?,?,9959
"Twitch",?,?,9958
"Географічний центр Європи",?,?,9948
"Військова служба правопорядку України",?,?,9945
"Історія хімії",?,?,9943
"Федеративна держава",?,?,9913
"Хвороба Лайма",?,?,9910
"Амінокислоти",?,?,9903
"Kraken (спецпідрозділ)",?,?,9893
"Іменник",?,?,9889
"Нормативно-правовий акт",?,?,9887
"Ісландія",?,?,9877
"Притча про блудного сина",?,?,9877
"Швеція",?,?,9866
"Рівне",?,?,9865
"24-та окрема механізована бригада (Україна)",?,?,9862
"Астрономія",?,?,9857
"Люксембург, Люксембург",?,?,9855
"Мілевський Артем Володимирович",?,?,9853
"Хорватія",?,?,9843
"Миколаїв",?,?,9834
"Захар Беркут (повість)",?,?,9811
"Яблуня домашня",?,?,9804
"Міста України (за населенням)",?,?,9803
"Відкриття морського шляху до Індії",?,?,9800
"Чехія",?,?,9800
"Гра престолів",?,?,9791
"Латинська мова",?,?,9788
"Тайсон Ф'юрі",?,?,9784
"Маріанна Бахмаєр",?,?,9783
"Третій Рейх",?,?,9780
"2023",?,?,9774
"Ромашка",?,?,9769
"Анальний секс",?,?,9750
"Лужні метали",?,?,9733
"Інки",?,?,9731
"Валовий внутрішній продукт",?,?,9729
"Речовина",?,?,9718
"67-ма окрема механізована бригада (Україна)",?,?,9699
"Дієслово",?,?,9649
"Австро-Угорщина",?,?,9636
"Нікола Тесла",?,?,9631
"Божественна комедія",?,?,9621
"Наполеонівські війни",?,?,9618
"Січові Стрільці",?,?,9604
"Симоненко Василь Андрійович",?,?,9599
"День Українського козацтва",?,?,9591
"BBC World Service",?,?,9581
"Прєдєл-Е",?,?,9566
"Електричний струм",?,?,9558
"Вересень",?,?,9554
"Українське козацтво",?,?,9549
"Вільям Шекспір",?,?,9540
"Список президентів США",?,?,9534
"Організація українських націоналістів",?,?,9525
"Органічні сполуки",?,?,9518
"Діалог",?,?,9497
"Чемпіонат Європи з футболу 2024",?,?,9492
"110-та окрема механізована бригада (Україна)",?,?,9488
"Якобінська диктатура",?,?,9477
"Су-24",?,?,9475
"2023 у телебаченні",?,?,9474
"Нобелівська премія",?,?,9471
"Міністерство оборони України",?,?,9457
"Вінстон Черчилль",?,?,9456
"Чорногорія",?,?,9455
"Фауст (Гете)",?,?,9440
"Оперативне командування «Північ»",?,?,9439
"Палеоліт",?,?,9435
"Одіссей",?,?,9432
"Індекс людського розвитку",?,?,9423
"Республіка",?,?,9416
"Фашизм",?,?,9416
"Створення світу в Біблії",?,?,9415
"Зінченко Олександр Володимирович",?,?,9401
"Мудрик Михайло Петрович",?,?,9382
"Промислова революція",?,?,9378
"Баал Шем Тов",?,?,9343
"Раян Ґослінґ",?,?,9342
"G7",?,?,9334
"День Незалежності України",?,?,9334
"Фрідріх Шиллер",?,?,9330
"День програміста",?,?,9326
"Стародавня Греція",?,?,9314
"Скелі Довбуша",?,?,9308
"Військово-морські сили Збройних сил України",?,?,9305
"Іслам",?,?,9300
"One Piece (телесеріал)",?,?,9297
"Україна (назва)",?,?,9287
"Севастополь",?,?,9278
"Православна церква України",?,?,9277
"Мосейчук Наталія Миколаївна",?,?,9261
"Грузія",?,?,9253
"Чикатило Андрій Романович",?,?,9251
"M1 Abrams",?,?,9248
"Ту-95",?,?,9240
"Магнітне поле",?,?,9231
"Джо Байден",?,?,9223
"Друга карабаська війна",?,?,9192
"Способи самогубства",?,?,9187
"Кіт",?,?,9176
"Ой на горі та й женці жнуть",?,?,9174
"Monobank",?,?,9173
"Поплавський Михайло Михайлович",?,?,9168
"SHUMEI",?,?,9168
"Біологічна класифікація",?,?,9166
"Грішечкін В'ячеслав Германович",?,?,9159
"БМ-21 «Град»",?,?,9158
"Українська греко-католицька церква",?,?,9147
"Твіттер",?,?,9111
"Патрон (пес)",?,?,9110
"Цілі сталого розвитку",?,?,9104
"Єлизавета II",?,?,9065
"Сталий розвиток",?,?,9061
"Скрябін (гурт)",?,?,9057
"Сівкович Володимир Леонідович",?,?,9056
"Право",?,?,9053
"10-та окрема гірсько-штурмова бригада (Україна)",?,?,9052
"Стародавній Єгипет",?,?,9048
"Пеніс",?,?,9041
"Історія Нагірного Карабаху",?,?,9034
"Іван Мазепа",?,?,9026
"Інформаційні процеси",?,?,9025
"Запорозька Січ",?,?,9008
"Аскольд",?,?,9002
"Київський метрополітен",?,?,9001
"Список держав та територій з обмеженим визнанням",?,?,8991
"Івасюк Володимир Михайлович",?,?,8980
"Список наук",?,?,8979
"Сковорода Григорій Савич",?,?,8976
"Старий Завіт",?,?,8964
"Житомир",?,?,8954
"36-та окрема бригада морської піхоти (Україна)",?,?,8952
"Мова",?,?,8951
"Фінляндія",?,?,8947
"Максиміліан Робесп'єр",?,?,8939
"Українське національне відродження",?,?,8931
"Київська область",?,?,8929
"Новоюліанський календар",?,?,8914
"Розетка (інтернет-магазин)",?,?,8911
"Греція",?,?,8897
"Епос",?,?,8892
"Кунілінгус",?,?,8872
"30-та окрема механізована бригада (Україна)",?,?,8864
"Чорнобильська катастрофа",?,?,8856
"Джозефіна Джексон",?,?,8829
"Pornhub",?,?,8822
"G20",?,?,8820
"Список 100 найкращих фільмів в історії українського кіно",?,?,8813
"Історичні пісні",?,?,8810
"Християнство",?,?,8804
"Івано-Франківська область",?,?,8799
"Вид",?,?,8790
"Полтава",?,?,8788
"Операція «Синиця»",?,?,8780
"Кріпацтво",?,?,8778
"Дніпропетровська область",?,?,8765
"Проголошення незалежності України 1991",?,?,8755
"Прийменник",?,?,8748
"Андорра",?,?,8730
"Плужник Євген Павлович",?,?,8730
"Синевир",?,?,8721
"Лагута Геннадій Миколайович",?,?,8720
"Окрема президентська бригада",?,?,8720
"ЛНЗ (футбольний клуб)",?,?,8717
"Складне речення",?,?,8708
"Лебіга Михайло Ігорович",?,?,8708
"Психологія",?,?,8707
"33-тя окрема механізована бригада (Україна)",?,?,8701
"Арістотель",?,?,8698
"Карабах",?,?,8690
"Волинська область",?,?,8674
"Роберт Оппенгеймер",?,?,8674
"Стівен Фрай",?,?,8663
"П",?,?,8662
"Українська православна церква (Московський патріархат)",?,?,8656
"Людина (рід)",?,?,8652
"54-та окрема механізована бригада (Україна)",?,?,8634
"Битва на Марні (1914)",?,?,8633
"Ігор Рюрикович",?,?,8624
"Третинний сектор економіки",?,?,8604
"Будапештський меморандум",?,?,8601
"Джейсон Стейтем",?,?,8599
"Ліліпутія",?,?,8597
"14 вересня",?,?,8586
"Генерал",?,?,8580
"День миру",?,?,8579
"Частини мови",?,?,8579
"Державні нагороди України",?,?,8576
"Омоніми",?,?,8572
"Стиль мовлення",?,?,8569
"Югославія",?,?,8567
"Х-101",?,?,8562
"Члени речення",?,?,8561
"Структура білків",?,?,8556
"Карти Google",?,?,8548
"Травна система",?,?,8544
"Клітинна мембрана",?,?,8544
"Великі десантні кораблі проєкту 775",?,?,8539
"Форма державного правління",?,?,8538
"Гнатковський Олексій Іванович",?,?,8527
"Українська революція (1917—1921)",?,?,8524
"Краматорськ",?,?,8516
"Вульва",?,?,8505
"Ентоні Блінкен",?,?,8496
"Етанол",?,?,8486
"Номерні знаки України",?,?,8482
"Škoda Octavia",?,?,8474
"14-та окрема механізована бригада (Україна)",?,?,8466
"Бій під Крутами (1918)",?,?,8465
"Публіцистичний стиль мовлення",?,?,8452
"Петро Конашевич-Сагайдачний",?,?,8446
"Одеса (готель)",?,?,8446
"Херсон",?,?,8446
"Художня література",?,?,8432
"Унітарна держава",?,?,8422
"28-ма окрема механізована бригада (Україна)",?,?,8400
"Загальна українська рада",?,?,8373
"Наука",?,?,8363
"1-й окремий механізований батальйон «Вовки Да Вінчі»",?,?,8362
"Символіка українців",?,?,8354
"25-та окрема повітрянодесантна бригада (Україна)",?,?,8354
"Оперативне командування «Південь»",?,?,8352
"Ватикан",?,?,8344
"Неандерталець",?,?,8340
"Граматична основа",?,?,8339
"Азбука Морзе",?,?,8321
"Французько-російська війна (1812)",?,?,8316
"Голодомор в Україні (1946—1947)",?,?,8312
"Болгарія",?,?,8312
"Сили територіальної оборони Збройних Сил України",?,?,8305
"Літературні жанри",?,?,8299
"Гоголь Микола Васильович",?,?,8290
"Ендокринна система",?,?,8282
"35-та окрема бригада морської піхоти (Україна)",?,?,8280
"Кучма Леонід Данилович",?,?,8276
"Галичина під час російської окупації (1914—1915)",?,?,8274
"TAURUS (крилата ракета)",?,?,8273
"Стерненко Сергій В'ячеславович",?,?,8266
"Національний університет «Острозька академія»",?,?,8259
"32-га окрема механізована бригада (Україна)",?,?,8257
"Великий князь київський",?,?,8251
"Південна Україна",?,?,8246
"Морська піхота України",?,?,8231
"Нова історія",?,?,8227
"Національна безпека України",?,?,8226
"Кам'янське",?,?,8219
"Релігія",?,?,8217
"58-ма окрема мотопіхотна бригада (Україна)",?,?,8217
"Здоров'я",?,?,8208
"Банкноти української гривні",?,?,8205
"Білорусь",?,?,8201
"Суспільство",?,?,8193
"Максим Залізняк",?,?,8185
"Косово",?,?,8180
"22-га окрема механізована бригада (Україна)",?,?,8180
"Список найпоширеніших прізвищ в Україні",?,?,8180
"Tabletki.ua",?,?,8178
"Географічні координати",?,?,8174
"Нью-Йорк",?,?,8167
"MIM-104 Patriot",?,?,8159
"Марко Поло",?,?,8148
"Костянтин Василь Острозький",?,?,8147
"1-ша окрема бригада спеціального призначення ім. Івана Богуна",?,?,8143
"Донцов Дмитро Іванович",?,?,8130
"Новий Заповіт",?,?,8116
"Операція «Захід»",?,?,8115
"Усі жінки — відьми",?,?,8107
"РС-28 Сармат",?,?,8100
"Масонство",?,?,8096
"Населення Землі",?,?,8096
"Зевс",?,?,8085
"Schmalgauzen",?,?,8083
"Леонардо Ді Капріо",?,?,8082
"81-ша окрема аеромобільна бригада (Україна)",?,?,8080
"Подоляк Михайло Михайлович",?,?,8072
"Укрзалізниця",?,?,8072
"Піхва жінки",?,?,8070
"Ідея нації",?,?,8067
"Коряк Тетяна",?,?,8060
"Дрогобич",?,?,8044
"Кіпр",?,?,8038
"Кіт лісовий",?,?,8036
"Мезоліт",?,?,8032
"Список олімпійських чемпіонів України",?,?,8030
"117-та окрема механізована бригада (Україна)",?,?,8024
"Націоналізм",?,?,8018
"Погони родів військ ЗСУ",?,?,8011
"Київський національний університет імені Тараса Шевченка",?,?,8006
"Микола Хвильовий",?,?,7998
"Ейфелева вежа",?,?,7998
"Хмельниччина",?,?,7996
"Список штатів США",?,?,7994
"Група періодичної системи",?,?,7994
"Пенні Пріцкер",?,?,7992
"TikTok",?,?,7989
"Бразилія",?,?,7987
"Піраміда Хеопса",?,?,7983
"Ющенко Віктор Андрійович",?,?,7981
"Бароко",?,?,7978
"Мовна норма",?,?,7972
"Helsi",?,?,7971
"Систематика (біологія)",?,?,7963
"Палеоліт України",?,?,7963
"Нейрон",?,?,7955
"Кілліан Мерфі",?,?,7944
"Львівська область",?,?,7933
"Кадиров Ахмат Абдулхамидович",?,?,7929
"2С7 «Піон»",?,?,7925
"Єва",?,?,7924
"Лев",?,?,7920
"Google Spaces",?,?,7915
"Молекула",?,?,7902
"Обмін речовин",?,?,7895
"Без образ (фільм, 2023)",?,?,7892
"Лібералізм",?,?,7880
"Безпілотний літальний апарат",?,?,7879
"Цукровий діабет",?,?,7874
"Хелловін",?,?,7873
"M142 HIMARS",?,?,7872
"Мистецтво Стародавнього Єгипту",?,?,7870
"Deutsche Welle",?,?,7865
"Звягель",?,?,7858
"Windows-1251",?,?,7858
"Шовінізм",?,?,7855
"Битва на Соммі",?,?,7851
"Готи (субкультура)",?,?,7840
"Війна у В'єтнамі",?,?,7836
"Сінгапур",?,?,7825
"Хімічний елемент",?,?,7822
"92-га окрема штурмова бригада (Україна)",?,?,7821
"Нова Зеландія",?,?,7819
"Чубинський Павло Платонович",?,?,7819
"Донецьк",?,?,7819
"Баязид",?,?,7815
"Крим",?,?,7814
"Список об'єктів Світової спадщини ЮНЕСКО в Україні",?,?,7803
"Інтернет",?,?,7801
"Горлицький прорив",?,?,7799
"Битва за Бахмут",?,?,7794
"Аутизм",?,?,7785
"Військова присяга",?,?,7785
"116-та окрема механізована бригада (Україна)",?,?,7782
"Загальна декларація прав людини",?,?,7782
"КАБ-500",?,?,7776
"Соціологія",?,?,7770
"Помаранчева революція",?,?,7768
"Сузір'я",?,?,7760
"Lockheed Martin F-35 Lightning II",?,?,7759
"Військова організація",?,?,7757
"Розмір чоловічого статевого члена",?,?,7754
"Чернігів",?,?,7750
"Андріївка (Бахмутський район)",?,?,7749
"Хіпі",?,?,7736
"Список країн НАТО",?,?,7733
"Список областей України за площею",?,?,7729
"Кабінет Міністрів України",?,?,7728
"Лисенко Микола Віталійович",?,?,7727
"Індустріальне суспільство",?,?,7719
"Еверест",?,?,7718
"Слобідська Україна",?,?,7718
"Дифузія",?,?,7714
"Кисень",?,?,7707
"Хронологія Французької революції",?,?,7701
"Лівонська війна",?,?,7698
"Ярмоленко Андрій Миколайович",?,?,7697
"Сахно Іванна Анатоліївна",?,?,7686
"Василь Биков (корабель)",?,?,7685
"Псоріаз",?,?,7678
"Джонні Депп",?,?,7677
"Су-27",?,?,7671
"Стівен Кінг",?,?,7668
"Зорій Юлія Ярославівна",?,?,7666
"Зоряні війни",?,?,7664
"Монархія",?,?,7656
"Чоловіча статева система",?,?,7652
"Сектор економіки",?,?,7647
"Людина розумна",?,?,7645
"Електронна пошта",?,?,7641
"Стародавній світ",?,?,7631
"Західна Україна",?,?,7628
"США в Першій світовій війні",?,?,7612
"9К515 «Торнадо-С»",?,?,7609
"Буддизм",?,?,7598
"Сім чудес світу",?,?,7598
"Discord",?,?,7590
"Ератосфен",?,?,7577
"Шляхта",?,?,7569
"Протестантизм",?,?,7564
"Посттравматичний стресовий розлад",?,?,7561
"Кравчук Леонід Макарович",?,?,7559
"Чотирикутник",?,?,7545
"Теорія держави і права",?,?,7542
"Бойко Юрій Анатолійович",?,?,7529
"Microsoft Windows",?,?,7528
"Ленін Володимир Ілліч",?,?,7524
"Закон Ома",?,?,7523
"Походження людини від мавпи",?,?,7522
"Португалія",?,?,7521
"Фембой",?,?,7517
"Магніт",?,?,7515
"Державна прикордонна служба України",?,?,7512
"Ще не вмерла Україна",?,?,7509
"Єгипет",?,?,7507
"Дієприкметник",?,?,7503
"Терористичний акт у Беслані",?,?,7502
"Євреї",?,?,7502
"Формули скороченого множення",?,?,7499
"Теорії виникнення держави",?,?,7498
"Алкани",?,?,7497
"Історичні землі України",?,?,7494
"Образотворче мистецтво",?,?,7492
"Марґо Роббі",?,?,7489
"Іран",?,?,7488
"Памфір",?,?,7470
"Steam",?,?,7469
"Вікісховище",?,?,7465
"53-тя окрема механізована бригада (Україна)",?,?,7458
"Кирилиця",?,?,7447
"Тор (ЗРК)",?,?,7435
"Послідовне і паралельне з'єднання провідників",?,?,7433
"Спеціальні історичні дисципліни",?,?,7430
"Українська правда",?,?,7422
"Gepard (ЗСУ)",?,?,7414
"23-тя окрема механізована бригада (Україна)",?,?,7413
"Країна",?,?,7404
"17 вересня",?,?,7401
"Біла Церква",?,?,7392
"Просте число",?,?,7386
"Повість временних літ",?,?,7386
"Теплове розширення",?,?,7385
"Супермама",?,?,7383
